{"questions_right": 52, "total": 201, "accuracy": 0.6467661691542289, "buzz_ratio": 0.23880597014925373, "buzz_position": 0.11088114959680606, "outcome_percentages": {"waiting %": 0.3880597014925373, "timid %": 0.31343283582089554, "best %": 0.25870646766169153, "aggressive %": 0.03980099502487562}}