{"questions_right": 79, "total": 201, "accuracy": 0.7213930348258707, "buzz_ratio": 0.34328358208955223, "buzz_position": 0.11497508894179732, "outcome_percentages": {"waiting %": 0.3283582089552239, "best %": 0.39303482587064675, "aggressive %": 0.09950248756218906, "timid %": 0.1791044776119403}}