{"questions_right": 115, "total": 201, "accuracy": 0.572139303482587, "buzz_ratio": 0.3582089552238806, "buzz_position": -0.31286749733438746, "outcome_percentages": {"aggressive %": 0.42786069651741293, "best %": 0.572139303482587}}