{"questions_right": 62, "total": 201, "accuracy": 0.6467661691542289, "buzz_ratio": 0.263681592039801, "buzz_position": 0.05415675343056771, "outcome_percentages": {"waiting %": 0.3383084577114428, "timid %": 0.263681592039801, "aggressive %": 0.08955223880597014, "best %": 0.30845771144278605}}