{"questions_right": 110, "total": 201, "accuracy": 0.7263681592039801, "buzz_ratio": 0.4228855721393035, "buzz_position": 0.018842095385498477, "outcome_percentages": {"waiting %": 0.1791044776119403, "aggressive %": 0.24875621890547264, "best %": 0.5472636815920398, "timid %": 0.024875621890547265}}