{"questions_right": 71, "total": 201, "accuracy": 0.7213930348258707, "buzz_ratio": 0.32338308457711445, "buzz_position": 0.07724262258789948, "outcome_percentages": {"waiting %": 0.3681592039800995, "aggressive %": 0.05970149253731343, "best %": 0.35323383084577115, "timid %": 0.21890547263681592}}