{"questions_right": 62, "total": 201, "accuracy": 0.6716417910447762, "buzz_ratio": 0.27611940298507465, "buzz_position": 0.1271194189546225, "outcome_percentages": {"waiting %": 0.36318407960199006, "timid %": 0.263681592039801, "best %": 0.30845771144278605, "aggressive %": 0.06467661691542288}}