{"questions_right": 69, "total": 201, "accuracy": 0.7014925373134329, "buzz_ratio": 0.30845771144278605, "buzz_position": 0.1279893903046006, "outcome_percentages": {"waiting %": 0.3582089552238806, "timid %": 0.22885572139303484, "aggressive %": 0.06965174129353234, "best %": 0.34328358208955223}}