{"questions_right": 113, "total": 201, "accuracy": 0.7213930348258707, "buzz_ratio": 0.42786069651741293, "buzz_position": -0.11714745625503489, "outcome_percentages": {"waiting %": 0.15920398009950248, "aggressive %": 0.26865671641791045, "best %": 0.5621890547263682, "timid %": 0.009950248756218905}}