{"questions_right": 72, "total": 201, "accuracy": 0.6865671641791045, "buzz_ratio": 0.30845771144278605, "buzz_position": 0.07709947481498963, "outcome_percentages": {"waiting %": 0.3283582089552239, "aggressive %": 0.09950248756218906, "best %": 0.3582089552238806, "timid %": 0.21393034825870647}}